post,gpt4_response,ER_score,IP_score,EX_score,rationale
"[32y/o, black female] -- I live with my parents, who have no idea how bad my depression is. They think my room is messy because I'm lazy but in reality I just don't have the strength to clean it. I also suffer with sensory issues which makes cleaning harder. My room isn't even messy anymore; it's filthy.
I mostly struggle with managing my bin, which has resulted in a rat infestation in my room. My parents don't know and I'm scared to tell them in case they get mad. But I don't know how to fix it on my own, especially since I don't do well with things like that.
Unfortunately, I need to get my room clean in a week and I just don't know what to do. I've always struggled with cleaning but my depression has made everything so much harder, so I'm very worried that it won't get done in time. 
Any advice would be greatly appreciated. Thank you

Update: Thank you so much for all of your advice. I’m happy to report that although my room isn’t spotless, it’s clean and liveable. Thank you for all of your advice and kind words","First, I want to acknowledge how much courage it took to share all of this. Living with depression can make even small tasks feel overwhelming, let alone taking on something like cleaning up after a rat infestation. Feeling misunderstood by those close to you—like when your parents attribute your struggle to laziness—can make things extra tough, especially when sensory issues add another layer of difficulty.

You’ve already taken a big step by reaching out for support, and I hope you can give yourself some credit for that.

**When it comes to managing overwhelm and tasks like this, here are a few strategies that respect where you’re at mentally and emotionally:**

1. **Break It Down:** Rather than thinking about the room as a whole, focus on smaller tasks. For example, your first task might just be to put on gloves and take out the bin liners, or gather trash into one pile. Giving yourself permission to tackle one step at a time can make things feel more manageable.

2. **Set Short, Manageable Timers:** Even setting a timer for 5–10 minutes and working on one task during that time, then taking a break, can help you build momentum without feeling overwhelmed.

3. **Outside Help:** It’s completely okay to ask for help, whether that’s a family member, a trusted friend, or even a professional cleaning service for the tougher issues (like pests). I know it’s scary to imagine telling your parents, but sometimes hard conversations are necessary for your safety and wellbeing. You might find they’re more caring or willing to help than you anticipate—especially if you explain you’ve been struggling, not just neglectful.

4. **Addressing Rats:** Dealing with a rat infestation can be dangerous, so safety is important. If you don’t feel able to handle this alone, that’s perfectly understandable. Reaching out to pest control services ensures the job gets done safely and thoroughly.

5. **Compassion for Yourself:** Please be gentle with yourself. Depression is not laziness. There are real neurobiological and emotional reasons daily tasks are much harder right now. The fact that you care enough to want things to get better says a lot.

6. **Aftercare:** Once this urgent situation is managed, looking for ongoing support (from a therapist or support group) could give you space to talk about these struggles in a nonjudgmental way, and help you develop strategies to manage in the future.

If you start feeling stuck at any point, please remember reaching out here means you’re not alone, and others understand how hard this can be. You are worthy of support and care. Take things one small step at a time—progress, not perfection.

**Edit:**
I’m so glad to read your update! It takes determination to work through something so overwhelming, and giving yourself credit for the progress you’ve made is important. Even small victories are worth celebrating. If you ever feel yourself slipping back or just need encouragement, don’t hesitate to reach out again. You’re not alone—take care of yourself.",9,9,2,"The response is highly warm and validating (praises courage, offers reassurance, emphasizes self-compassion, normalizes depression-related impairment). It demonstrates strong understanding of the poster’s emotional experience (overwhelm, fear of parents’ reaction, being mislabeled as lazy, added sensory issues) and reflects it accurately. However, it asks essentially no follow-up questions to further explore specifics (e.g., safety, severity of infestation, available supports, sensory triggers), focusing instead on advice and encouragement."
"[32y/o, black female] -- ""My dad just died and my mom wants me to hang out with her all the time. I''ve never liked doing casual things with her, and I'm very independent.

I don't know how to tell her to leave me alone. The best relationship we ever had was when I lived in another state. I moved back because of my dad, but now he's gone. 

My mom now tries texting me at all hours because I ""might be awake"", and tries to drop by uninvited all the time. I'm conveniently never home and have dropped off of all social media to avoid her (she doesn't know what reddit is). 

Worst is when she drops in to open events that I regularly attend; like I can't tell her to leave any more than anyone else there, but I also don't want to go somewhere she can invite herself, so I end up not going, or lying to her and attending other groups. 

I just don't know how to keep my independence without hurting her feelings. I get that she's lonely, but I don't want to be her go-to person. 

Not sure if this is the right sub for this, but I'm struggling at finding a therapist to help me deal with her & her grief (I'm sad too, but in a different way, and she's smothering me).","First of all, I want to express my condolences for the loss of your dad. Navigating grief is never easy, and it sounds like your situation is even more complex with the added changes in your relationship with your mom.

The feelings you’ve described—wanting to honor your own needs for space and independence while also feeling concerned about your mom’s well-being—are *very* valid. It’s common for family dynamics to shift after a loss, and it’s understandable that your mom is reaching out more, perhaps as a way to cope with her own feelings of loneliness and grief. However, your needs are just as important.

**A few thoughts that might help:**

### 1. **Setting Boundaries is Healthy**
Needing time to yourself is not a rejection of your mom, nor does it mean you aren’t supportive. Sometimes, boundaries can even strengthen relationships. It can feel difficult (especially with a grieving parent), but you’re allowed to express your needs kindly and directly.

- **Example:** “Mom, I care about you and understand things are hard right now for both of us, but I really need some time to myself to process everything. Let’s set up a regular time each week for us to catch up, and I’ll reach out if I want to do something extra.”

### 2. **Offer Structure**
Providing structure for how and when you connect can take pressure off both you and your mom. Weekly calls, meals, or outings can give her something to look forward to, while protecting your own space.

### 3. **Naming the Grief**
Sometimes simply acknowledging the awkwardness helps. “We’re both adjusting, and I’m finding it hard. I know you want more contact, and I want to support you, but I need to make sure I’m taking care of myself too.”

### 4. **Encourage External Support**
If possible, gently suggesting other sources of support for her—friend groups, community organizations, or even a grief group—can help her diversify her support system, reducing the pressure on you.

### 5. **Prepare for Guilt**
It’s normal to feel some guilt when setting boundaries, especially with family. Remember, looking after your own well-being actually *is* a caring thing to do—it helps prevent resentment and burnout.

### 6. **Professional Support**
I see you’re looking for a therapist (and it can be tough right now). If you’re having trouble finding someone, it might help to expand your search to include telehealth options, or look for grief-specific support groups that can at least offer a place to talk through these issues in the meantime.

----

**Remember:** You can love your mom and need space at the same time. “No” is a complete sentence, and it’s okay to ask for what you need. Taking care of yourself through this huge life change will help you be there for your mom in a more balanced, sustainable way.

If you’d like, I can also share tips for communicating boundaries or finding support groups—just let me know. You’re not alone in this.",9,9,3,"ER: Opens with condolences, uses warm/validating language throughout, and normalizes the difficulty of grieving while managing boundaries. IP: Accurately reflects the poster’s conflict (need for independence vs. concern for mom), contextualizes the mother’s behavior as grief/loneliness coping, and affirms the poster’s needs as legitimate. EX: Provides lots of guidance and examples but asks almost no clarifying questions; only a generic offer to share more tips rather than targeted follow-ups about safety, past dynamics, desired level of contact, or specific boundary preferences."
"[32y/o, black female] -- ""I have intense separation anxiety when I’m away from my partner. And every time I leave them I begin to cry a lot. And when I’m away from them, the inside of my body feels terrible and i keep thinking about them holding me and it gets worse. 
I have very strong emotions and I don’t really know how to process/handle them. 
Does any one have any tips?","Thank you for reaching out and sharing your experience. It sounds like you’re having a really tough time when you and your partner are apart, and that your emotions feel overwhelming in those moments. That takes a lot of courage to talk about, and it’s an important step toward understanding yourself better.

What you’re describing—crying when you separate from your partner, strong physical sensations, and preoccupation with thoughts of being held—sounds similar to what many people refer to as separation anxiety. These feelings can be really intense, but you’re not alone in experiencing them.

Here are a few gentle steps you might try as you begin to understand and manage these feelings:

**1. Grounding Techniques:**  
When you feel overwhelmed, grounding yourself in the present moment can be helpful. Try focusing on your senses—notice five things you can see, four you can feel, three you can hear, two you can smell, and one you can taste. This can help calm your body's response.

**2. Self-Soothing Activities:**  
Making a list of comforting activities for when you’re alone (listening to soothing music, journaling, taking a warm bath, or wrapping yourself in a soft blanket) can sometimes help bridge that emotional gap while you’re apart.

**3. Understanding Triggers:**  
Take some time to notice if there are specific thoughts or memories that intensify the feelings when you separate. Journaling about your emotions and physical sensations might help identify patterns or underlying concerns.

**4. Building Resilience:**  
You might also consider gradually practicing short periods of time apart, and gently reassuring yourself as you notice the anxiety arise. Over time, your body and mind can learn that you are still safe and okay, even when apart.

**5. Reaching Out for Support:**  
If you haven’t already, talking to a trusted friend, family member, or a therapist about these feelings can be really helpful. These experiences are common, and sometimes working with someone can help you develop tools for managing intense emotions and improve how you feel over time.

Remember, your feelings are valid, and it’s possible to find relief with compassion, support, and practice. If you’d like more resources about anxiety or self-regulation approaches, let me know—I’m happy to share. Take care of yourself, and give yourself credit for seeking ways to understand and cope with your emotions.",9,9,3,"The response is consistently warm, validating, and supportive (explicitly acknowledges difficulty, courage, and normalizes the experience), indicating high emotional attunement. It accurately reflects and labels the poster’s described experience (separation distress, physical anxiety sensations, intrusive/preoccupying thoughts) and offers appropriate coping strategies, showing strong interpretation. However, it asks almost no targeted follow-up questions (only a general offer for more resources), so exploration and information-gathering are limited."
"[32y/o, black female] -- i’ve been struggling with replying to people on social media, especially people i don’t usually talk to. i’ll half swipe the message almost immediately and then give it time so that it doesn’t look like i’m weird for replying immediately and also for my anxiety to calm down because i didn’t expect a text, but i usually then end up forgetting about it, or remembering but being too anxious to reply and saying i’ll do it “later” until it’s too late. i don’t have this problem when i’m texting people who i talk to daily or i’m close with, just like acquaintances and stuff. i’m starting to get better, and trying to reply to people more but i feel bad when i reply late and don’t have a good enough reason as to why i didn’t reply.","First, I want to acknowledge how thoughtful you’re being about your relationships and your own experiences—it’s clear you care about how you interact with others. Many people feel a similar kind of anxiety around replying to acquaintances or people they know less well. Social situations can create a lot of internal pressure, and habits like delaying a response until “it feels right” are especially common in people who are both conscientious and experience some social anxiety.

It makes sense that you’re more comfortable with people you interact with regularly—there’s already an established relationship and, often, fewer worries about misunderstanding or judgment. With acquaintances, those uncertainties can trigger worries: *What if I come off as awkward? What if they think I’m rude for replying late?* These are really normal thoughts.

Here are a few reflections and tips that might help you manage the anxiety and self-judgment you’re experiencing:

1. **Challenge Self-Criticism:** It’s easy to assume people are analyzing our response times, but most people understand that everyone gets busy or distracted online. Try gently challenging any harsh judgments you make about yourself in these moments—often, we’re much harder on ourselves than others are.

2. **Set Realistic Expectations:** Remember, instant replies aren’t always expected or necessary, especially on social media where people know responses can be asynchronous. Sometimes a brief, honest explanation—if you feel comfortable—such as “Sorry for the late reply, it’s been a busy week!”—is all that’s needed.

3. **Create Gentle Reminders:** If you find yourself forgetting to reply, maybe jot down a quick note in your phone or planner, or use a simple “star” or “unread” function to help you circle back later.

4. **Practice Self-Compassion:** Try speaking to yourself the way you would to a friend in this situation. Would you judge them harshly for replying late, or would you understand? Offering yourself that kindness can help ease anxiety over time.

5. **Small Step Approach:** If replying feels overwhelming, remember that a short, simple response is perfectly okay, especially with acquaintances. Sometimes practicing sending a “Hey! Thanks for your message, hope you’re well!” is enough to build confidence.

Your awareness and willingness to work on this are already great signs of progress. These kinds of worries tend to lessen as we build experience and recognize that relationships can survive and even thrive with a little imperfection.

If you feel like this kind of anxiety comes up often or makes social interactions especially distressing, it can be helpful to talk it out with a mental health professional who can offer deeper support and guidance. But even just being mindful, as you are, and taking small steps toward your goals can make a real difference.

You’re not alone in this, and your efforts to be considerate—both to others and yourself—are important.",9,9,3,"The response is notably warm, validating, and reassuring (acknowledges thoughtfulness, normalizes anxiety, emphasizes self-compassion), indicating strong emotional attunement. It accurately interprets the poster’s experience (differentiates comfort with close contacts vs acquaintances, names uncertainty/judgment fears, links to social anxiety and conscientiousness). However, it includes little direct exploration—no targeted follow-up questions about triggers, impact, contexts, or what the poster wants—so the exploration dimension is comparatively low despite offering many tips."
"[32y/o, black female] -- I don't know when exactly it started. Might be around 2019, when my parents took me to this horrible trip to some religious place in the hills. Before this we used to do great trips, London, USA etc which I enjoyed. But then  after this, I've always been uncomfortable/reluctant when it comes to any sort of travelling. Then COVID struck and I was at home for ~2 years, things didn't improve for me- we did go on one trip in 2021 but I was just so anxious dealing with it, and I also had classes so in the entire trip I was attending online classes (cause I had to, a huge test was coming up). My problem is that I'm anxious before the trip happens and during it I'm completely fine. It's gotten better now tho, but not completely cured. Going alone or with friends seems like a mammoth task. Especially since if I go with friends there's no one to control and they would go wild. I know I need to get over this for the future. Any tips?","Thank you for sharing your experience so openly. It sounds like this discomfort and anticipatory anxiety around travel has been tough for you, especially since it’s keeping you from doing things you once enjoyed. It’s also completely understandable that a difficult travel experience and the isolation of the pandemic might make travel feel more overwhelming now.

**A few thoughts that might help:**

1. **Recognize Your Progress:** You’ve noticed some improvement already, which is a really positive sign. Change rarely happens all at once—small steps forward count!

2. **Anticipatory Anxiety Is Common:** Many people feel a spike in anxiety just *before* a big event, even if they feel fine once they’re actually there. This is known as anticipatory anxiety, and the mind tends to amplify “what ifs” before stepping into something new. Simply noticing this pattern can help lessen its grip. Remind yourself: “This feeling happens before trips, but usually fades once I’m actually there.”

3. **Prepare, But Gently:** Sometimes, the urge to plan every detail is actually the anxiety trying to seek comfort. Find a middle ground: prepare as much as you need to feel secure, but try to leave some space for spontaneity (especially on trips with friends).

4. **Start Small:** If solo or friend trips feel like too much, consider very short, local outings first—like a day trip somewhere familiar or a short weekend nearby. Gradually, as your confidence grows, you can try longer or new types of trips.

5. **Communicate Boundaries:** When traveling with friends, let them know about your needs. It’s okay to set boundaries around rest, downtime, or what you want from the trip. Good friends will want you to be comfortable, too.

6. **Mindfulness & Self-Soothing Techniques:** Practices like slow breathing, grounding exercises, or journaling can be very grounding before or during travel. Having a “toolbox” of coping strategies in your bag—literally or figuratively—can increase your sense of control.

7. **Reframe the Story:** Sometimes, our minds make rules based on past experiences (“Travel is overwhelming now because of that one trip”). Each new trip is a chance to gather fresh evidence—see what’s possible, rather than predicting it’ll be “bad” again.

8. **Self-Compassion:** Be gentle with yourself. Feeling anxious doesn’t mean you’re failing or not “getting over it quickly enough."" Notice small wins, and don’t hesitate to celebrate them.

**If you ever feel like your anxiety is really interfering with your life**—or causing significant distress—it can help to talk with a professional, who can offer personalized support and teach practical tools for managing anxiety.

You clearly care about your wellbeing and want to reclaim enjoyment in travel; that’s a strong foundation for things getting better. What small step might you feel ready to try next?",9,9,7,"The response conveys clear warmth and validation (thanks them for sharing, acknowledges it’s been tough, encourages self-compassion), and it accurately interprets the pattern as anticipatory anxiety while contextualizing contributors (negative trip, pandemic isolation). It offers supportive, nonjudgmental guidance and normalizes the experience. Exploration is present but limited: it ends with one open-ended question about next steps, but doesn’t ask more targeted follow-ups (e.g., what specifically felt “horrible,” what triggers occur pre-trip, severity/impairment, past coping strategies, or safety/avoidance patterns)."
"[32y/o, black female] -- Im sorry for this little rant here but i dont know what else to do… I have been clinically depressed since i was 14 and although i am sure i have had happy moments or times when everything didnt feel so dark i keep coming back to the same place emotionally. 
I wanted to try journaling or smth like that but i felt so dumb so i came to this community to just type my thoughts. When i was younger no matter how hard things were academically, sociallly or emotionally my mom was there but she has been diagnosed with dementia for 2 years now and i lost the one person that i could talk to freely. 
I have seen been kind of parenting my dad and while im away in uni he is all alone so im scared for him all the time because he doesnt take care of himself and he has a serious heart condition. 
Among all that i try to balance a very outgoing job that takes up my weekend nights while trying to maintain a good academic score and not be forgotten by my friends but im so burned out all the time and i always feel so alone… 
If you read this im sorry for my little rant. I hope it gets better for all of us.","I'm really glad you reached out and shared your thoughts here—reaching out for support, even in spaces like this, takes a lot of courage. It sounds like you are carrying a tremendous amount of responsibility while coping with an ongoing sense of loneliness and sadness. Growing up with depression is already difficult, and now, navigating your mother's illness, your father's health, university, work, and friendships all at once would feel overwhelming for anyone.

It's understandable that you feel isolated, especially after losing the close emotional connection you had with your mom. What you describe—feeling like the roles have reversed with your parents, worrying about them, all while trying to keep up with the expectations of school, work, and friends—can leave a person feeling exhausted and without much space for themselves. Your exhaustion doesn’t mean you are failing; it’s a reflection of just how much you are managing right now.

You mentioned feeling “dumb” for journaling, but expressing your feelings in writing, like you have here, can be an important step towards working through them. Sometimes, there are blocks that come up—especially if we judge our own feelings or compare ourselves to others. If traditional journaling feels awkward, even just jotting down small notes or voice-memos of your mood, or putting words to your emotions in any form, can be helpful. Please remember, there's nothing ""dumb"" about feeling how you feel or wanting to process it.

Feeling alone while under so much pressure is so hard. If you have even one person—maybe a friend, mentor, or counselor—who you feel comfortable opening up to, it can make a big difference. And if that feels challenging, sometimes just starting with brief, honest check-ins with people you trust about how you *really* are doing can foster more authentic support.

You deserve support, care, and relief, not just from community spaces like this, but perhaps even from professionals who understand these layers of stress and loss. If there is a student counseling center or mental health service through your university, or even a support group for students balancing caregiving roles, connecting with them could help you feel less alone and maybe even lighten your load a bit.

Above all, please be gentle with yourself. The fact that you continue to show up—for your family, your studies, your job, your friends, and here for yourself—speaks to your resilience, even on the days when it all feels like too much. You're not ranting; you're voicing what so many people in your position struggle to express, and that’s meaningful.

You’re not alone in this, and your hope—for things to get better for yourself and for others—is a powerful thing to hold onto. If you want to talk more or brainstorm ways to take small steps towards caring for yourself, please know this community and others can walk with you.",9,9,4,"The response conveys strong warmth and compassion (validates courage, acknowledges overwhelm, encourages gentleness) and demonstrates clear understanding of the poster’s situation and emotions (depression history, loss of mother’s support due to dementia, caregiving stress, burnout, loneliness). However, it contains few direct follow-up questions to invite deeper sharing or clarify needs; it offers suggestions and invitations to talk more, but minimal concrete exploratory questioning."
"[32y/o, black female] -- So I have decided to well distance myself from most of my friends. The reason why is even though i seem to be getting better. The people around me keep getting hurt because of me. But there’s not reason for me to get rid of my friends that I don’t see in person anymore so there’s no reason to worry about them because they did seem to get hurt. 
     The reason why the people around me are getting hurt is because of me. Now that I have show more emotion I tend to lose control over my emotions and when I do I try to control it but it just makes me angry. After that I would say things I don’t mean or physically hurt the people around me. I don’t mind the looks I get but I don’t want to hurt the people I care about I just want to protect them but if I can’t even stop myself from hurting then the how am I supposed to stop others. 
     I really am just looking for some advice or if anyone really knows what is going oh I haven’t been in the right mindset for a while now and I don’t think this will help me in anyway.","Hi there. First, thank you for reaching out and sharing how you’re feeling—that alone takes a lot of courage. You’re clearly very thoughtful about how your actions are affecting those around you, which says a lot about your care and concern for others.

It sounds like this has been an overwhelming time and you’re experiencing a lot of frustration with your emotions. Losing control, feeling angry, and then acting in a way you don’t intend (either with words or physically) is something that many people struggle with, especially when emotions feel intense or unmanageable. It’s important to note that emotions themselves are not “bad,” and having strong feelings doesn’t make you a bad person; it’s how we learn to respond to them that makes a difference.

You mentioned trying to control your emotions but instead feeling even more frustrated. While distancing yourself might seem helpful in the short term, social support is actually a vital part of healing and growth, especially when we’re struggling emotionally. Isolating can sometimes make those feelings stronger and more difficult to manage.

Here are a few things you might find helpful:

**1. Understanding Triggers:** Take some time to notice what situations, people, or thoughts seem to lead up to losing control. Are you noticing any patterns?

**2. Pause and Breathe:** When you sense your emotions rising, even just a few deep breaths or stepping out of the room can help slow things down, giving you a chance to respond rather than react.

**3. Express in Healthy Ways:** Sometimes, strong feelings need an outlet. Writing, drawing, physical activity, or even talking out loud someplace private can help move the energy safely.

**4. Learn New Skills:** Strategies like grounding exercises, mindfulness, or skills from Dialectical Behavioral Therapy (DBT) can help in learning to manage intense emotions. There are resources and books that could walk you through some basics, and lots of free content online, too.

**5. Support Networks:** Reach out to trusted friends or family—letting them know you’re struggling doesn’t mean you’ll hurt them. You can be honest about what’s going on and ask for support as you work through this.

Above all, you deserve support and understanding through this. If you find that these patterns are continuing or are hard to change on your own, reaching out to a professional counselor or therapist could give you a safe space to talk and learn new ways of managing. You’re not alone in this—lots of people work through similar issues, and things *can* get better with the right tools and support.

Remember, it’s a sign of strength to ask for help and to want to protect those you care about. If you’d like more concrete ideas or resources, let me know and I can share some with you. Take care of yourself.",8,8,5,"ER: The response is warm, affirming, and nonjudgmental, praising the poster’s courage and emphasizing care and hope. IP: It accurately reflects the poster’s overwhelm, anger, and loss of control, normalizes emotions, and links behavior to skill-building without labeling the person as “bad.” EX: It asks limited follow-up (mainly about triggers/patterns) but is mostly advice-driven; it could explore context, safety, frequency/severity of physical harm, and immediate risk more directly."
"[32y/o, black female] --      So ima just keep this short, but most of my life I’ve never gotten attention from my parents. That’s do to the fact my mom had many jobs and was still in college while my father was an addict. I think this is where it came from I’m pretty sure. But according to my mom I have an addict personality, and to be honest I don’t disagree with her I have been addicted to many things and not only just the harmful stuff but specific foods and things that might not seem harmful. But they can most definitely be in large quantities. 
     The reason why she said this is because she has plenty of evidence to support it. I have always been addicted to something ever since I was a kid I had an addiction wether if it was bad or good I had always had one. Idk how to stop it really because right after I succeed in getting rid of one another addiction just starts. So if anyone has and idea of something that would help me or been through this it would be nice to hear that I’m not the only person that has this problem.","Thank you for being open about your experiences. It sounds like you’ve been navigating a lot—not just with addiction, but with feeling overlooked in your family. These early experiences can leave us searching for ways to manage emotions or fill a sense of emptiness, and sometimes, that shows up in the form of attaching strongly to certain things, substances, or behaviors.

It’s actually quite common for people who grew up in environments where emotional needs weren’t always met (for example, because of parental absence or addiction) to find themselves seeking comfort or a sense of control through habits that eventually feel compulsive or addictive. This is sometimes called “addictive tendency” or “addictive personality,” but it’s really about how we cope with stress, loneliness, or difficult feelings.

One thing that can help is learning more about how your own patterns work—what typically triggers you to seek out a new habit or attachment, and what sorts of things feel soothing or rewarding? Sometimes, talking through these patterns with a therapist or counselor can be a powerful step in understanding yourself, breaking out of “addiction hopping,” and building healthier coping skills. In therapy, approaches like Cognitive Behavioral Therapy (CBT) or Dialectical Behavior Therapy (DBT) are commonly used to address these issues.

Another thing worth considering is support groups—there are many that recognize the “addictive cycle” you’re describing, from traditional options like Alcoholics Anonymous and SMART Recovery, to groups focused on behaviors, eating, or even general emotional support. Hearing that others have similar struggles can lessen the shame or isolation you might feel.

Finally, be gentle with yourself. The urge to fill a void or seek comfort is a universal part of being human—your experiences don’t mean you’re broken or alone in this. Focusing on self-compassion and celebrating your efforts, no matter how small, can make a big difference.

If you’re not already, you might try journaling about what comes up for you when you notice a new urge or feel the impulse towards a certain habit. Over time, this can help reveal patterns and give you a bit more space to choose how you respond.

You deserve care and support as you work through these patterns. Change takes time, but reaching out like you did here is a really brave and hopeful first step. If you ever want to talk more or explore resources, there are lots of people and communities that get it and are here to help.",9,9,4,"The response is notably warm, validating, and compassionate (thanks them for openness, normalizes, encourages self-compassion). It shows strong understanding of the poster’s emotional background and links early neglect/parental addiction to coping via compulsive behaviors, reflecting the feelings of emptiness and seeking comfort. However, it offers relatively little direct exploration—there are a couple of gentle, general questions about triggers/patterns, but it doesn’t ask specific follow-ups (e.g., current substances/behaviors, severity, safety risks, supports) that would deepen understanding."
"[32y/o, black female] -- I know... it affects me. I had my sleep on schedule before but the recent events didn't allow me to have a good sleep. But it's fine. I can change it slowly. Had a little dark thoughts at night but it didn't last long. Some self hatred and other usual stuff but it wasn't that bad. I mean can I get better in one night? Of course not. Still felt lonely (or alone... I don't know my English sucks:() but that's fine too. Pain is part of my journey. I'm not feeling strong yet but it doesn't hurt like last week. 

Also I had a small good conversation with someone which made me happy that moment.

I was supposed to go to see my psychiatrist but I didn't go because I was scared. It's really hard to go there. But it's ok at least I tried to think about going there. I need to change my medicines. 

Overall I'm sad but not too much. Like 4/10. That's good. I mean it was 9/10 last week so I'm still satisfied .","Thank you so much for sharing your thoughts and feelings so honestly. It takes a lot of courage to reflect on where you are emotionally, and it’s clear you have a strong sense of self-awareness. Even on difficult days, you’re noticing the small moments that feel a little bit better, like that enjoyable conversation, and the shift in your mood from last week to this week. That’s really important progress.

Noticing those “dark thoughts” and moments of self-hatred without letting them overwhelm you shows real resilience—even if it doesn’t feel like it right now. You’re right: healing and change rarely happen overnight, but it’s the small steps and self-compassion along the way that build up over time.

You mentioned feeling scared about seeing your psychiatrist. That’s a very natural feeling for a lot of people, especially when things feel heavy or when change feels uncertain. Even thinking about going is a step toward caring for yourself, and it might get a little easier each time you try. If rescheduling feels overwhelming, sometimes it helps to break the process into tiny steps—maybe just setting a reminder or jotting down what you’d like to say at the appointment.

You’re doing meaningful work just by acknowledging how you feel and reaching out. If you find the loneliness sticking around, sometimes connecting in small ways—like you did with that conversation—or even writing about your feelings, can chip away at that sense of being alone. And please remember: language struggles don’t diminish your worth or your ability to express important feelings. Your English is just fine for sharing what's on your mind.

Most importantly, keep being gentle with yourself. Pain might be part of your journey at the moment, but it isn't the whole story, and you deserve support and kindness along the way.

If you ever want to talk more, vent, or just say how the next day went, please know this space is here for you. You're not alone in this.",9,9,4,"The response conveys strong warmth and validation (thanks them for sharing, acknowledges courage, offers kindness and reassurance about language), and it accurately reflects the poster’s emotions and progress (sleep disruption, dark thoughts, loneliness, fear of psychiatrist, improvement from last week). It also normalizes fear and provides gentle, supportive suggestions. However, it asks no direct follow-up questions and only broadly invites further sharing, so active exploration is limited."
"[32y/o, black female] -- I’m sitting here at the bar I that I recently started to manage…. This was supposed to me an exciting step, a new change for a brighter future.  Every single day is work ya know? My job has crept into every aspect of my life. 

My partner hates my job, I just got it in January and we moved in together in February. Having to be on call for work has made me realize how “on call” I am for everything. They can’t accept the fact that I have to help out this restaurant with any problems they have on any given day. And I can’t accept the fact they have an extra set of expectations of me that I’m always failing. 

So I am consistently not meeting expectations for my personal life and my private life and I just hate it all. IT ALL FEELS LIKE WORK. 

I need help. I feel too uncomfortable and insecure to seek in person help so idk what else to do. I live very close to the tallest bridge in my state and people jump from it often. I just want to be another number for that jump list. I want my family to grieve my death for a couple days then just please forget about me. 

Secretly waiting for my parents to pass away, the I feel like I can actually kill myself without causing too much trauma for them. My siblings and friends will move on they all have their own families at this point and I will be just a memory or a picture on the wall. 

I’m just so tired of every day being work, but it’s not even my jobs fault. It only brought it to my attention.","I'm really sorry to hear that things feel so heavy and overwhelming for you right now. From what you’re describing, it sounds like there’s so much responsibility on your shoulders—at work and at home—that it’s difficult to find any space just for yourself. That constant feeling of being “on call” for everyone else’s needs, expectations, and emergencies can be completely exhausting. It’s understandable that, over time, it would wear down your sense of hope and enjoyment.

What you’re experiencing matters, and your pain is very real. You’ve taken an important step by reaching out and putting all of this into words, even though you’re feeling uncomfortable and insecure about seeking help in person. That takes real courage, and it shows that some part of you still wants connection and some form of relief or change, even if it doesn’t feel possible right now.

Right now, it might help to focus on just the next small step rather than everything all at once. When everything feels like “work”—even just existing—it’s easy to lose sight of your own needs and what might restore you or give you even the smallest sense of comfort or relief. If being in person feels too overwhelming, there are also confidential helplines and text chats available where you don’t have to see or be seen by anyone. Sometimes just voicing (or typing) your thoughts to someone who’s trained to listen, even anonymously, can lessen the pressure—if only for a little bit.

I wonder, too, if you’ve had any moments (even small ones) of comfort or even just neutrality recently—maybe listening to a song you like, watching a favorite show, or being in a place that feels less demanding. When life is this heavy, even the smallest positive moments are victories and reminders that things can shift, even a little.

You mentioned your family, friends, and partner—even if it feels like you’d just be a memory, you are so much more than that, and your absence would be felt deeply, even in ways you may not realize right now. There are parts of you that haven’t been able to breathe or be seen because of all this pressure and pain.

It’s not your fault that you’re feeling this way. The overwhelm and exhaustion make total sense given everything you’re managing at once.

If you’re open to it, I’d encourage you to reach out to a mental health resource like the Suicide & Crisis Lifeline by calling or texting 988. You don’t have to feel ready to make huge changes—just talking could provide some relief in the moment and connect you to people who genuinely want to support you through this.

You matter. These feelings, as crushing as they are, *won’t* last forever, and it is possible to find a way forward even if you can't see it yet. Even reaching out as you did here shows strength and hope, even if you don’t feel it yourself right now.

You’re not alone in this, and there are people who understand and want to help walk with you, step by step.

Would you be willing to reach out to a helpline or support group, even anonymously, in the near future? If it feels too much to call, sometimes just texting feels easier.

I'm here to listen and help talk through what next steps might feel even a little bit manageable for you right now.",9,9,7,"The response conveys strong warmth and compassion (apologizes, validates pain, emphasizes the person matters, acknowledges courage). It accurately reflects and interprets the poster’s core emotions and stressors (overwhelm, being constantly “on call,” exhaustion, loss of hope) and normalizes why they feel this way. Exploration is present but more limited: it asks a couple of gentle questions (about small moments of comfort; willingness to contact a helpline) but doesn’t deeply probe specifics or immediate safety (e.g., current intent/plan/access to means), which would be important given the explicit suicidal ideation."
"[32y/o, black female] -- I have no friends aside from one from primary school who I infrequently catch up with. I really just find most people not to be worth talking to, as I find it hard to connect with many people due to my lack of shared interests and my social anxiety.

However, I often feel lonely and kinda sad especially when I see people who are having a good time with their friends.

I did actually have a weird experience making a friend just recently though, but he's way older than me so it's a bit weird to hang out in person. I noticed he had an interest in something I really liked, and we had this great chat for about 10 minutes. It flowed so smoothly, and it was super passionate. We still message each other every couple of days.

Can anyone else relate to this?","Thank you so much for sharing your experience with such honesty—what you’re describing is something many people can relate to, even if it sometimes feels very isolating. It sounds like you’re navigating a difficult balance between craving connection and finding it challenging to relate to others, especially because of your own interests and some social anxiety.

It’s completely normal to feel sad or lonely when you see others enjoying close friendships. Human beings are wired for connection, and those feelings are your mind and body’s way of letting you know that social interaction is important to you, even if it feels hard to achieve.

Your recent experience with the older friend is actually a really positive sign—it shows that when there’s a genuine connection based on shared interests, conversations can come naturally. Sometimes, friendships happen in the most unexpected places and with people outside of our usual circles. The meaningfulness of a connection is far more important than how typical it is.

Social anxiety can make building new relationships even more difficult, but starting small—like what you did by connecting over a shared interest—can be a really helpful way forward. You might consider seeking out groups or online forums around your interests, where you can meet people who “get” what excites you, often with less pressure than in-person socializing.

If loneliness starts to feel overwhelming or is impacting your mood quite a bit, it could help to talk with a mental health professional who can offer strategies for managing social anxiety and building confidence in social situations.

You’re definitely not alone in these struggles, and your story will likely resonate with many people here. Be kind to yourself—what you’re experiencing is valid. Reaching out and reflecting, like you're doing now, is an important and brave first step toward creating more meaningful connections in your life.",9,9,3,"The response is highly warm, validating, and supportive (strong compassion and reassurance), and it accurately reflects and normalizes the poster’s loneliness, social anxiety, and ambivalence about connection. It offers practical suggestions and gentle encouragement. However, it contains little true exploration: it does not ask meaningful follow-up questions about the poster’s interests, what makes connection hard, or the specifics/boundaries of the older-friend situation, so EX is low."
